timestamp,fonte,pergunta,resposta
2025-05-09T20:49:35.098997,chat,Qual a melhor trilha para iniciantes?,"Olá! Para recomendar a melhor trilha para iniciantes, preciso saber sua localização ou o local onde você gostaria de fazer a trilha. Assim, posso sugerir opções adequadas e seguras para quem está começando. Poderia me informar onde você está ou qual região tem interesse?"
2025-05-09T20:49:54.962357,chat,Vocês vão ganhar o Startup Experience?,"Oi! Eu sou um assistente virtual, então não participo de eventos como o Startup Experience. Mas fico feliz em ajudar com qualquer dúvida ou informação que você precise sobre o evento ou sobre startups em geral!"
2025-05-09T20:50:10.025363,chat,Como eu recebo esses investimentos?,"Olá! Para receber investimentos, geralmente você precisa seguir alguns passos essenciais:

1. Plano de Negócios: Tenha um plano bem elaborado, que descreva seu projeto, público-alvo, estratégias de marketing, projeções financeiras, entre outros detalhes importantes.

2. Identifique Investidores Potenciais: Procure por investidores que tenham interesse no seu segmento, como investidores anjo, fundos de investimento ou plataformas de crowdfunding.

3. Apresente sua Proposta: Prepare uma apresentação clara e convincente do seu negócio. Explique como você pretende usar o investimento e qual é o potencial de retorno.

4. Negociação e Acordo: Se um investidor estiver interessado, negocie os termos do investimento, incluindo o valor, participações societárias, direitos e deveres de ambas as partes.

5. Formalização: Formalize o investimento através de contratos legais, que garantam segurança para ambos.

6. Recebimento do Investimento: Geralmente, o valor é transferido para sua conta bancária ou através de outros meios acordados, após a assinatura dos contratos.

Se precisar de orientações específicas para o seu tipo de investimento ou mais detalhes sobre algum passo, estou aqui para ajudar!"
2025-05-09T20:50:21.435534,chat,Conte mais sobre os parceiros do projeto.,"Claro! Poderia me informar um pouco mais sobre qual projeto você está se referindo? Assim, poderei fornecer informações mais precisas e detalhadas sobre os parceiros envolvidos."
